<annotation>
	<folder>collectedimages</folder>
	<filename>missu.c7bfb252-9d1b-11eb-87d1-8c85902efaac.jpg</filename>
	<path>/Users/lisiru/Documents/RealTimeObjectDetection/Tensorflow/workspace/images/collectedimages/missu.c7bfb252-9d1b-11eb-87d1-8c85902efaac.jpg</path>
	<source>
		<database>Unknown</database>
	</source>
	<size>
		<width>1280</width>
		<height>720</height>
		<depth>3</depth>
	</size>
	<segmented>0</segmented>
	<object>
		<name>Miss u</name>
		<pose>Unspecified</pose>
		<truncated>1</truncated>
		<difficult>0</difficult>
		<bndbox>
			<xmin>356</xmin>
			<ymin>347</ymin>
			<xmax>704</xmax>
			<ymax>720</ymax>
		</bndbox>
	</object>
</annotation>
