<annotation>
	<folder>collectedimages</folder>
	<filename>missu.c40d66e0-9d1b-11eb-87d1-8c85902efaac.jpg</filename>
	<path>/Users/lisiru/Documents/RealTimeObjectDetection/Tensorflow/workspace/images/collectedimages/missu.c40d66e0-9d1b-11eb-87d1-8c85902efaac.jpg</path>
	<source>
		<database>Unknown</database>
	</source>
	<size>
		<width>1280</width>
		<height>720</height>
		<depth>3</depth>
	</size>
	<segmented>0</segmented>
	<object>
		<name>Miss u</name>
		<pose>Unspecified</pose>
		<truncated>0</truncated>
		<difficult>0</difficult>
		<bndbox>
			<xmin>97</xmin>
			<ymin>264</ymin>
			<xmax>507</xmax>
			<ymax>597</ymax>
		</bndbox>
	</object>
</annotation>
