<annotation>
	<folder>collectedimages</folder>
	<filename>thanku.ae9c569a-9d1b-11eb-87d1-8c85902efaac.jpg</filename>
	<path>/Users/lisiru/Documents/RealTimeObjectDetection/Tensorflow/workspace/images/collectedimages/thanku.ae9c569a-9d1b-11eb-87d1-8c85902efaac.jpg</path>
	<source>
		<database>Unknown</database>
	</source>
	<size>
		<width>1280</width>
		<height>720</height>
		<depth>3</depth>
	</size>
	<segmented>0</segmented>
	<object>
		<name>Thank u</name>
		<pose>Unspecified</pose>
		<truncated>1</truncated>
		<difficult>0</difficult>
		<bndbox>
			<xmin>742</xmin>
			<ymin>391</ymin>
			<xmax>1003</xmax>
			<ymax>720</ymax>
		</bndbox>
	</object>
</annotation>
