<annotation>
	<folder>collectedimages</folder>
	<filename>thumbsdown.908d87c8-9d1b-11eb-87d1-8c85902efaac.jpg</filename>
	<path>/Users/lisiru/Documents/RealTimeObjectDetection/Tensorflow/workspace/images/collectedimages/thumbsdown.908d87c8-9d1b-11eb-87d1-8c85902efaac.jpg</path>
	<source>
		<database>Unknown</database>
	</source>
	<size>
		<width>1280</width>
		<height>720</height>
		<depth>3</depth>
	</size>
	<segmented>0</segmented>
	<object>
		<name>Awful</name>
		<pose>Unspecified</pose>
		<truncated>0</truncated>
		<difficult>0</difficult>
		<bndbox>
			<xmin>430</xmin>
			<ymin>202</ymin>
			<xmax>713</xmax>
			<ymax>578</ymax>
		</bndbox>
	</object>
</annotation>
